[{"titulo":"Aceite Maiz Arcor 900","precio":"310","cantidad":"2","completo":false,"id":"6deae773-e871-4a2f-a45c-7bab58b1ccdc"},
{"titulo":"Aceite de maiz Lira 900","precio":"364","cantidad":"5","completo":false,"id":"c28bf4f2-5b02-449c-a798-901c5a6b0eb9"},
{"id":"a51f811f-8349-42f0-bd6d-6cc9e333a7f2","titulo":"Aceite Oliva Nucete 500","precio":5,"cantidad":16,"completo":true},
{"id":"ff49efd9-0bc3-4e68-a88e-479c94b370ae","titulo":"Aceite Oliva Canuelas 500","precio":349,"cantidad":10,"completo":true},
{"id":"3cdca18b-d2db-4e68-82bf-066c1239391c","titulo":"Aceite Cocinero Mezcla 1.5","precio":183,"cantidad":41,"completo":true},
{"id":"e29033a3-7542-4c3d-8bcc-a90762e4b921","titulo":"Arroz Largo Fino Gallo 500","precio":54,"cantidad":74,"completo":false},
{"id":"c7981570-ba25-47f3-9e68-4e28fef2b1e1","titulo":"Arroz Largo Fino Lucchetti 500","precio":42,"cantidad":75,"completo":true},
{"id":"8a56f182-9963-4e61-a8c9-7f4dbaadfdb3","titulo":"Arroz Parboil Gallo 1","precio":145,"cantidad":55,"completo":true},
{"id":"a3750546-4d48-4be5-8cab-b97d097f2782","titulo":"Arroz Parboil Lucchetti 1","precio":110,"cantidad":63,"completo":true},
{"id":"b4ccf03c-3bcf-4158-9571-fbea384621a6","titulo":"Pure de tomate Cica 520","precio":69,"cantidad":64,"completo":false},
{"id":"7b111e0d-4304-4906-85bd-d336f493f13f","titulo":"Pure de tomate La Campagnola 64","precio":64.71,"cantidad":78,"completo":false},
{"id":"c862970a-0a89-4273-90e6-5fd23f914fbd","titulo":"Extracto de tomate La Colina 150","precio":69,"cantidad":57,"completo":true},
{"id":"1e9f7eb1-2024-45f3-8719-12cdb4881594","titulo":"Extracto de tomate Inca 150","precio":85,"cantidad":5,"completo":true},
{"id":"90698c8e-119b-4f9b-84eb-ea0e37ab20f6","titulo":"Atun Lomitos La Campagnola 170","precio":222.12,"cantidad":15,"completo":false},
{"id":"a9d4d796-29cd-4f2d-9090-634ec13e1d4b","titulo":"Atun Lomitos Cumana 170","precio":211.12,"cantidad":64,"completo":false},
{"id":"2bb15b80-aec3-4a91-9053-04e323f01236","titulo":"Sardina en aceite Caracas 120","precio":210,"cantidad":58,"completo":true},
{"id":"d8af217f-f633-4fbd-b9f3-d3779d0d6f11","titulo":"Sardina en aceite Nereida 125","precio":215,"cantidad":10,"completo":true},
{"id":"9930e613-e711-41a9-ab49-5b707aa29867","titulo":"Aceitunas verdes Nucete 100","precio":72.25,"cantidad":17,"completo":false},
{"id":"31ac9d30-0c80-4be0-a13d-7749d22d849d","titulo":"Aceitunas verdes La Toscana 160","precio":135,"cantidad":11,"completo":false},
{"id":"f6a9eef8-0251-40b6-9c1a-c02315d26eee","titulo":"Pate Swift 90","precio":59,"cantidad":64,"completo":false},
{"id":"c7f4125c-4cd0-4216-8599-7029514502ee","titulo":"Pate Paladini 90","precio":55,"cantidad":8,"completo":true},
{"id":"8728d78d-9416-42db-b390-e209cacb09ed","titulo":"Mayonesa Hellmans 475","precio":125,"cantidad":67,"completo":false},
{"id":"50e98e61-4b4c-4421-9311-731c5aa8b617","titulo":"Mayonesa BC 474","precio":147,"cantidad":51,"completo":false},
{"id":"fb94a9b4-eb5b-4160-ab97-c695d940bf09","titulo":"Harina 000 Favorita","precio":49.50,"cantidad":44,"completo":true},
{"id":"fa52b0e1-d26f-489b-b64c-36e00b1d8aa5","titulo":"Harina 000 Blanca Flor","precio":65,"cantidad":78,"completo":true},
{"id":"964208e5-e16e-4dc3-980f-e5640626a51a","titulo":"Polenta Prestopronta","precio":75,"cantidad":39,"completo":false},
{"id":"e73e30c7-ba7e-4b5d-9e33-3108b09f59fe","titulo":"Polenta Magica","precio":73.50,"cantidad":6,"completo":true},
{"id":"4e1d1367-2305-4f09-b3e4-7a8409642e40","titulo":"Fideo Spaghetti Matarazo","precio":75,"cantidad":24,"completo":true},
{"id":"6aab4677-6672-433d-bc73-690f94253c5c","titulo":"Fideo Spaghetti Lucchetti","precio":55,"cantidad":6,"completo":false},
{"id":"8c068827-0255-40f3-9eaa-1551b0e168ba","titulo":"Fideo tallarin Knorr","precio":64.65,"cantidad":5,"completo":true},
{"id":"2ddebcb7-0492-48dc-aa7d-a83487cd0c08","titulo":"Fideo tallarin Terrabusi","precio":51,"cantidad":2,"completo":true},
{"id":"ecd28077-e282-4926-8270-8a5f229587f5","titulo":"Fideo tallarin huevo Italia","precio":99,"cantidad":79,"completo":false},
{"id":"51f1774b-31c4-4601-aeb5-66a09ed7e6fc","titulo":"Fideo tallarin huevo Don Vicente","precio":125,"cantidad":68,"completo":true},
{"id":"1ec8e9b6-b4fc-43ef-8a8e-d5efc562983a","titulo":"Fideo Codito Matarazzo","precio":56.25,"cantidad":9,"completo":false},
{"id":"7c2316f8-6cba-4be4-a697-c4878261a05b","titulo":"Fideo Codito Lucchetti","precio":55,"cantidad":58,"completo":true},
{"id":"a9c66b87-b10c-45db-84da-2e9e7e0d689d","titulo":"Fideo Mostachol Matarazzo","precio":56.25,"cantidad":61,"completo":true},
{"id":"29199a03-f6ad-4a6b-b007-b916b6dc411f","titulo":"Fideo Mostachol Knorr","precio":64.67,"cantidad":14,"completo":false},
{"id":"6093bc4a-3fa9-4cc3-9597-2e593142fb2e","titulo":"Fideo Rigatti Matarazzo","precio":56.25,"cantidad":42,"completo":true},
{"id":"ae6ba542-eb97-46ee-bfd3-d72fba97209f","titulo":"Fideo Rigatti Knorr","precio":75,"cantidad":65,"completo":false},
{"id":"f3da4a9f-4222-435b-a302-ce97e8696caa","titulo":"Sal gruesa Celusal 1","precio":75,"cantidad":63,"completo":false},
{"id":"77fa7c00-bec5-4480-9694-d845ca80831f","titulo":"Sal gruesa Dos Anclas 1","precio":75,"cantidad":30,"completo":true},
{"id":"96f3f678-25d6-4031-aa64-abdbfd38946a","titulo":"Sal fina Celusal 1","precio":49,"cantidad":36,"completo":true},
{"id":"30c98058-ce95-4f91-9cbd-e1b40120bfa3","titulo":"Sal fina Dos Anclas 1","precio":48,"cantidad":56,"completo":true},
{"id":"5d617d48-7d71-44e4-be28-7b62c7398d9b","titulo":"Caldo Cubos carne Knorr","precio":55,"cantidad":37,"completo":false},
{"id":"e5c9163c-dbd3-457d-a341-00d440a38db4","titulo":"Caldo Cubos carne Wilde","precio":41,"cantidad":4,"completo":true},
{"id":"9da4f8d6-a750-4967-888e-bbefc976cb1d","titulo":"Caldo cubos verdura Knorr","precio":50,"cantidad":29,"completo":false},
{"id":"8ace991e-a4b6-46cd-ad9f-9d10d5c5aa95","titulo":"Caldo Cubos verdura wilde","precio":40,"cantidad":21,"completo":false},
{"id":"6081e92c-43ac-4a44-a9e8-0d9c4aa8dded","titulo":"Caldo Cubos gallina Knorr","precio":39,"cantidad":54,"completo":false}]